column,name,clusters,used_codes,cur,entropy,entropy_ratio,effective_codes,effective_code_ratio,gini,min_count_nonzero,p50_count_nonzero,p90_count_nonzero,p95_count_nonzero,p99_count_nonzero,max_count,max_share
0,rq0,512,512,1.0,8.781101496020923,0.9756779440023249,439.921254643978,0.8592212004765195,0.30095802734375,239,1717,3463,4287,6270,8138,0.008138
1,rq1,512,512,1.0,8.918878258657063,0.9909864731841181,484.00503944822606,0.9453223426723165,0.18393092578125003,397,1883,2726,3214,3692,5785,0.005785
2,rq2,512,512,1.0,8.952969828762647,0.9947744254180719,495.5785135741913,0.9679267843245923,0.14066194531249998,271,1925,2593,2771,3400,4013,0.004013
3,opq0,256,256,1.0,7.9710421957623225,0.9963802744702903,250.91278888575513,0.980128081584981,0.11054848437499998,2104,3794,4895,5269,6282,7976,0.007976
4,opq1,256,256,1.0,7.964855136016924,0.9956068920021155,249.8390426458613,0.9759337603353957,0.11936597656249992,2106,3750,4818,5599,7288,7833,0.007833
