depth,unique_prefixes,unique_ratio,extra_collisions,collision_rate_extra,collision_groups,max_group_size
1,512,0.000512,999488,0.999488,512,8138
2,159206,0.159206,840794,0.840794,114276,652
3,788940,0.78894,211060,0.21106,110291,185
4,938187,0.938187,61813,0.061813,42155,61
5,964849,0.964849,35151,0.035151,25218,56
