name,mse
rq0,0.07056273217773437
rq1,0.044291345703125
rq2,0.03180045336914063
opq_final_rotated,0.019007770751953125
opq_final_original,0.01900777081298828
