column,name,clusters,used_codes,cur,entropy,entropy_ratio,effective_codes,effective_code_ratio,gini,min_count_nonzero,p50_count_nonzero,p90_count_nonzero,p95_count_nonzero,p99_count_nonzero,max_count,max_share
0,rq0,512,512,1.0,8.842877203589012,0.9825419115098902,459.16765357603066,0.8968118233906849,0.25833664453125005,335,1725,3193,3940,5061,6800,0.0068
1,rq1,512,512,1.0,8.980320840486945,0.9978134267207717,505.06345311120066,0.9864520568578138,0.0917234765624999,872,1950,2368,2488,2825,2923,0.002923
2,rq2,512,512,1.0,8.987373423173066,0.9985970470192296,507.5384892423503,0.9912861118014654,0.07369887109375006,1205,1972,2275,2372,2487,2704,0.002704
3,opq0,256,256,1.0,7.989940085977308,0.9987425107471635,254.22112100374721,0.9930512539208876,0.06565082031249991,2467,3919,4479,4603,4841,5677,0.005677
4,opq1,256,256,1.0,7.99545751609568,0.99943218951196,255.19522349128732,0.9968563417628411,0.04458494531250001,3062,3914,4280,4420,4631,4772,0.004772
