depth,unique_prefixes,unique_ratio,extra_collisions,collision_rate_extra,collision_groups,max_group_size
1,512,0.000512,999488,0.999488,512,6800
2,213104,0.213104,786896,0.786896,164612,295
3,924171,0.924171,75829,0.075829,54976,86
4,983246,0.983246,16754,0.016754,13447,55
5,991982,0.991982,8018,0.008018,6497,49
