name,mse
rq0,0.1292178271484375
rq1,0.08476571179199219
rq2,0.06125520385742188
opq_final_rotated,0.03603099301147461
opq_final_original,0.03603099230957031
