column,name,clusters,used_codes,cur,entropy,entropy_ratio,effective_codes,effective_code_ratio,gini,min_count_nonzero,p50_count_nonzero,p90_count_nonzero,p95_count_nonzero,p99_count_nonzero,max_count,max_share
0,rq0,512,512,1.0,8.767635500736183,0.9741817223040203,435.8341702394349,0.8512386137488963,0.30805022265625004,271,1654,3408,4408,6267,9321,0.009321
1,rq1,512,512,1.0,8.930308351807842,0.9922564835342046,487.85491464154853,0.9528416301592745,0.16889303906250008,506,1888,2636,3052,3961,5920,0.00592
2,rq2,512,512,1.0,8.956672052685583,0.9951857836317315,496.8518934203052,0.9704138543365336,0.13361967578125,243,1932,2534,2767,3109,3943,0.003943
3,opq0,256,256,1.0,7.972733018406054,0.9965916273007568,251.20702829030938,0.981277454259021,0.10835977343749992,2328,3836,4785,5115,5850,7818,0.007818
4,opq1,256,256,1.0,7.971370073142138,0.9964212591427672,250.96981963351683,0.9803508579434251,0.10791750781250009,2002,3804,4703,5408,6363,8469,0.008469
