depth,unique_prefixes,unique_ratio,extra_collisions,collision_rate_extra,collision_groups,max_group_size
1,512,0.000512,999488,0.999488,512,9321
2,161197,0.161197,838803,0.838803,115344,1031
3,794727,0.794727,205273,0.205273,107611,195
4,948129,0.948129,51871,0.051871,36437,65
5,976042,0.976042,23958,0.023958,18268,56
