name,mse
rq0,0.0720935
rq1,0.045368430114746096
rq2,0.03257641009521484
opq_final_rotated,0.019466528884887695
opq_final_original,0.01946652862548828
