column,name,clusters,used_codes,cur,entropy,entropy_ratio,effective_codes,effective_code_ratio,gini,min_count_nonzero,p50_count_nonzero,p90_count_nonzero,p95_count_nonzero,p99_count_nonzero,max_count,max_share
0,rq0,512,512,1.0,8.775873760563986,0.9750970845071095,438.33004503088307,0.8561133692009435,0.3019218789062501,226,1633,3317,4298,6747,8331,0.008331
1,rq1,512,512,1.0,8.9126368881584,0.9902929875731554,481.91566525033926,0.9412415336920689,0.19179768750000004,399,1876,2820,3237,3963,5101,0.005101
2,rq2,512,512,1.0,8.950600259137321,0.9945111399041467,494.76521352798835,0.9663383076718522,0.1444883359375,345,1904,2565,2854,3298,4314,0.004314
3,opq0,256,256,1.0,7.96833720413276,0.996042150516595,250.44277887722868,0.9782921049891745,0.11526697656250007,2226,3799,4928,5306,6061,8739,0.008739
4,opq1,256,256,1.0,7.965423037864521,0.9956778797330651,249.93740853688573,0.9763180020972099,0.11836635937499995,2252,3839,4978,5342,7211,9038,0.009038
