depth,unique_prefixes,unique_ratio,extra_collisions,collision_rate_extra,collision_groups,max_group_size
1,512,0.000512,999488,0.999488,512,8331
2,158804,0.158804,841196,0.841196,113765,725
3,784830,0.78483,215170,0.21517,111242,204
4,936617,0.936617,63383,0.063383,42903,66
5,963284,0.963284,36716,0.036716,26242,61
