name,mse
rq0,0.07069674780273437
rq1,0.0443823603515625
rq2,0.03180199517822266
opq_final_rotated,0.01900723420715332
opq_final_original,0.019007234069824217
