column,name,clusters,used_codes,cur,entropy,entropy_ratio,effective_codes,effective_code_ratio,gini,min_count_nonzero,p50_count_nonzero,p90_count_nonzero,p95_count_nonzero,p99_count_nonzero,max_count,max_share
0,rq0,512,512,1.0,8.64872848659554,0.9609698318439488,401.353171213168,0.7838929125257188,0.37676659765625,217,1559,3751,4453,7930,15864,0.015864
1,rq1,512,512,1.0,8.531548478819168,0.9479498309799076,370.0428367378384,0.7227399155035906,0.4470575078125001,137,1359,4231,4835,6577,9618,0.009618
2,rq2,512,512,1.0,8.650262933374204,0.9611403259304672,401.78027651976754,0.784727102577671,0.3885356054687501,112,1691,3823,4401,5354,6440,0.00644
3,opq0,256,256,1.0,7.643102763478,0.95538784543475,199.8955802055583,0.7808421101779621,0.39182865624999996,243,3123,7923,8770,10601,11529,0.011529
4,opq1,256,256,1.0,7.621047059393572,0.9526308824241965,196.86284778402083,0.7689954991563314,0.4046738125,455,3201,8157,9228,10384,13098,0.013098
