depth,unique_prefixes,unique_ratio,extra_collisions,collision_rate_extra,collision_groups,max_group_size
1,512,0.000512,999488,0.999488,512,15864
2,76253,0.076253,923747,0.923747,58619,1495
3,513224,0.513224,486776,0.486776,145343,453
4,840437,0.840437,159563,0.159563,85354,149
5,925442,0.925442,74558,0.074558,45488,119
