name,mse
rq0,0.09233499755859376
rq1,0.036893064819335936
rq2,0.02151329821777344
opq_final_rotated,0.011708409408569336
opq_final_original,0.011708409255981446
